"","name","address","type","lat","lng"
"1","Po Nagar Cham Towers","Nha Trang","Religious",NA,NA
"2","Reunification Palace","Ho Chi Minh City","Architecture",10.777021,106.6954139
"3","Jade Emperor Pagoda","Ho Chi Minh City","Religious",NA,NA
"4","War Remnants Museum","Ho Chi Minh City","Museums & Galleries",10.7794222,106.6920733
"5","Ho Chi Minh’s Mausoleum","Hanoi","Cemeteries, Memorials & Tombs",21.0365442,105.8348905
"6","Tan Ky House","Hoi An","Architecture",19.0804374,37.3664298
"7","Thien Mu Pagoda","Hue","Religious",16.4537395,107.544765
"8","Temple of Literature","Hanoi","Religious",41.262573,21.0287611
"9","Japanese Covered Bridge","Hoi An","Architecture",NA,NA
"10","Fine Arts Museum","Ho Chi Minh City","Museums & Galleries",42.339381,32.35111
"11","Assembly Hall of the Fujian Chinese Congregation","Hoi An","Religious",NA,108.3302222
"12","Imperial Enclosure","Hue","Historic",NA,NA
"13","Hoa Lo Prison Museum","Hanoi","Architecture",NA,NA
"14","Municipal Beach","Quy Nhon","Beaches, Islands & Waterfronts",40.862836,NA
"15","Vietnam Museum of Ethnology","Hanoi","Museums & Galleries",21.0395559,105.798018
"16","To Mieu Temple Complex","Hue","Religious",NA,NA
"17","Phuoc An Hoi Quan Pagoda","Ho Chi Minh City","Religious",NA,NA
"18","Museum of Cham Sculpture","Danang","Museums & Galleries",16.0601257,108.2231185
"19","Nha Trang Beach","Nha Trang","Beaches, Islands & Waterfronts",12.0689132,12.2363391
"20","History Museum","Ho Chi Minh City","Museums & Galleries",41.6748355,37.4142744
"21","Bac Ha Market","Bac Ha","Markets & Bazaars",39.149368,39.1894621
"22","Mac Cuu Family Tombs","Ha Tien","Cemeteries, Memorials & Tombs",NA,NA
"23","National Museum of Vietnamese History","Hanoi","Museums & Galleries",NA,NA
"24","Hoan Kiem Lake","Hanoi","Lakes, Rivers & Waterfalls",21.0286669,105.8521484
"25","Vietnam Military History Museum","Hanoi","Museums & Galleries",21.0327913,NA
"26","Fine Arts Museum","Hanoi","Museums & Galleries",42.339381,NA
"27","Notre Dame Cathedral","Ho Chi Minh City","Religious",48.8529682,NA
"28","Bach Ma Temple","Hanoi","Religious",NA,NA
"29","Central Post Office","Ho Chi Minh City","Architecture",32.6809633,32.8695095
"30","Ho Chi Minh Mausoleum Complex","Hanoi","Historic",10.8230989,106.6296638
"31","Bitexco Financial Tower","Ho Chi Minh City","Viewpoints & Observation Decks",10.7718008,106.7044405
"32","Hai Ba Trung Temple","Hanoi","Religious",21.0122871,105.8555386
"33","Dien Bien Phu Museum","Dien Bien Phu","Museums & Galleries",21.0327913,105.8401706
"34","Vua Meo","Bac Ha","Architecture",NA,105.2620267
"35","Binh Tay Market","Ho Chi Minh City","Markets & Bazaars",NA,39.9241235
"36","Queen of the Rosary Cathedral","Haiphong","Religious",12.103099,-68.9245534
"37","Sapa Market","Sapa","Markets & Bazaars",10.6408034,9.560377
"38","Bunker of Colonel de Castries","Dien Bien Phu","Military",43.677589,14.0101094
"39","A1 Hill","Dien Bien Phu","Military",-29.6749722,NA
"40","Haiphong Museum","Haiphong","Museums & Galleries",20.9383645,NA
"41","Opera House","Haiphong","Architecture",18.9537342,NA
"42","Museum of the Vietnamese Revolution","Hanoi","Museums & Galleries",21.0252909,NA
"43","Cao Dai Holy See","Tay Ninh","Religious",NA,NA
"44","Historic Prisons","Con Dao Islands","Architecture",32.7270481,-114.6149772
"45","Temple of Lady Xu","Sam Mountain","Religious",NA,NA
"46","Perfume Pagoda","Perfume Pagoda","Other",NA,NA
"47","Cat Ba National Park","Cat Ba Island","Parks & Gardens",NA,20.8
"48","Nui Ba Den","Tay Ninh","Religious",NA,106.1757379
"49","Tomb of Tu Duc","Hue","Cemeteries, Memorials & Tombs",NA,107.5654488
"50","Xa Loi Pagoda","Ho Chi Minh City","Religious",NA,NA
"51","Khe Sanh Combat Base","Demilitarised Zone (Dmz)","Historic",NA,NA
"52","Cha Tam Church","Ho Chi Minh City","Religious",NA,NA
"53","Po Ro Me Cham Tower","Phan Rang & Thap Cham","Religious",NA,NA
"54","Group B","My Son","Religious",37.2960762,NA
"55","Long Son Pagoda","Nha Trang","Religious",12.2515206,NA
"56","Po Klong Garai Cham Towers","Phan Rang & Thap Cham","Religious",NA,NA
"57","Sand Dunes","Mui Ne","Beaches, Islands & Waterfronts",28.3813065,NA
"58","Xeo Quyt Forest ","Rung Tram","Parks & Gardens",NA,NA
"59","Tram Chim National Park","Tram Chim National Park","Parks & Gardens",10.725,105.5166667
"60","Hang Nga Crazy House","Dalat","Architecture",NA,NA
"61","Le Van Duyet Temple","Ho Chi Minh City","Religious",NA,NA
"62","Tay Ho","Hanoi","Lakes, Rivers & Waterfalls",NA,16.4471265
"63","Citadel","Hue","Historic",NA,39.01585
"64","Paradise Cave","Phong Nha-Ke Bang National Park","Natural Landmarks",NA,35.535027
"65","Con Son Beaches & Other Islands Beaches","Con Dao Islands","Beaches, Islands & Waterfronts",NA,NA
"66","Lan Ha Bay","Cat Ba Island","Beaches, Islands & Waterfronts",20.7582934,107.0893798
"67","Minority Villages","Kon Tum","Neighbourhoods & Villages",NA,NA
"68","Clay Pagoda","Soc Trang","Religious",39.4948068,NA
"69","Tomb of Minh Mang","Hue","Cemeteries, Memorials & Tombs",16.3876543,NA
"70","Giac Lam Pagoda","Ho Chi Minh City","Religious",10.7768169,NA
"71","Khanh Van Nam Vien Pagoda","Ho Chi Minh City","Religious",NA,NA
"72","Bidoup Nui Ba National Park ","South-West Highlands","Parks & Gardens",11.9369016,108.4456873
"73","Monkey Island Eco Forest Park","Can Gio","Parks & Gardens",NA,NA
"74","Phong Nha Caves & Boat Trip","Phong Nha-Ke Bang National Park","Natural Landmarks",17.5431265,17.6121327
"75","Bat Pagoda","Soc Trang","Religious",NA,104.7828609
"76","Phung Son Pagoda","Ho Chi Minh City","Religious",NA,NA
"77","Long Beach","Phu Quoc Island","Beaches, Islands & Waterfronts",NA,40.5884373
"78","Tran Family Chapel","Hoi An","Architecture",NA,NA
"79","Quy Hoa Beach & Leper Hospital","Quy Nhon","Beaches, Islands & Waterfronts",NA,20.583333
"80","Alexandre Yersin Museum","Nha Trang","Museums & Galleries",NA,NA
"81","Ho Chi Minh’s Stilt House & the Presidential Palace","Hanoi","Other",NA,NA
"82","HCMC Museum","Ho Chi Minh City","Museums & Galleries",44.9720842,NA
"83","Cavern Pagoda","Sam Mountain","Religious",NA,NA
"84","Group A","My Son","Religious",37.2946979,NA
"85","Giac Vien Pagoda","Ho Chi Minh City","Religious",10.2354162,NA
"86","Tiger Cages","Con Dao Islands","Architecture",NA,NA
"87","Mariamman Hindu Temple","Ho Chi Minh City","Religious",10.7724397,106.6957479
"88","Thay Pagoda","Thay & Tay Phuong Pagodas","Religious",21.0228836,105.6454835
"89","Ho Chi Minh Museum","Ho Chi Minh City","Museums & Galleries",21.0356034,10.7682712
"90","Vuc Quanh Outdoor War Museum","Dong Hoi & Around","Museums & Galleries",NA,NA
"91","Royal Tombs","Hue","Other",NA,-21.1359696
"92","Quan Cong Temple","Hoi An","Religious",NA,-71.107955
"93","Tomb of Khai Dinh","Hue","Cemeteries, Memorials & Tombs",NA,10.36847
"94","Lat & Lang Dinh An Villages","Dalat & Around","Neighbourhoods & Villages",16.6582202,43.499052
"95","Tay An Pagoda","Sam Mountain","Religious",10.4915476,34.2182433
"96","Thien Hau Pagoda","Ho Chi Minh City","Religious",9.6952045,NA
"97","Ha Chuong Hoi Quan Pagoda","Ho Chi Minh City","Religious",NA,NA
"98","Phu Dung Pagoda","Ha Tien","Religious",35.98801,NA
"99","Bao Dai’s Summer Palace","Dalat","Architecture",NA,NA
"100","Vinh Moc Tunnels","Demilitarised Zone (Dmz)","Historic",NA,NA
"101","Bac Lieu Bird Sanctuary","Around Bac Lieu","Parks & Gardens",32.9087367,-97.584191
"102","Mine Action Visitor Centre","Dong Ha","Museums & Galleries",16.798703,107.105858
"103","An Thoi Islands","Phu Quoc Island","Beaches, Islands & Waterfronts",9.9666667,104
"104","Ba Vi National Park","Ba Vi National Park","Parks & Gardens",NA,21.0700041
"105","Phong Dien Floating Market","Around Can Tho","Markets & Bazaars",NA,NA
"106","Ba Om Pond & Ang Pagoda","Tra Vinh","Religious",NA,NA
"107","Kim Lien","Vinh","Other",NA,21.521638
"108","Tao Dan Park","Ho Chi Minh City","Parks & Gardens",10.7744581,21.0215616
"109","Tomb of Nguyen Sinh Sac","Cao Lanh","Parks & Gardens",NA,NA
"110","Ben Duoc Tunnels","Around Ho Chi Minh City","Other",NA,NA
"111","Quan Am Pagoda","Ho Chi Minh City","Religious",10.8451429,NA
"112","Ho Quyen","Around Hue","Other",22.8068284,NA
"113","Ben Dinh","Cu Chi","Historic",11.1346102,11.1523369
"114","Fish Sauce Factory","Phu Quoc Island","Farms, Workshops & Factories",NA,NA
"115","Tu Lan Caves","Phong Nha-Ke Bang National Park","Natural Landmarks",NA,NA
"116","Can Cau Market","Bac Ha","Markets & Bazaars",NA,NA
"117","Nguyen Trung Truc Temple","Rach Gia","Religious",9.6758283,10.1239437
"118","Cu Chi Tunnels","Cu Chi","Historic",NA,106.5133628
"119","Hon Chong Promontory","Nha Trang","Landmarks & Monuments",NA,NA
"120","Nguom Ngao Cave","Ban Gioc Waterfall & Nguom Ngao Cave","Natural Landmarks",NA,NA
"121","Cai Rang Floating Market","Around Can Tho","Markets & Bazaars",NA,NA
"122","Hamburger Hill","Demilitarised Zone (Dmz)","Historic",NA,53.286648
"123","Truong Son National Cemetery","Demilitarised Zone (Dmz)","Cemeteries, Memorials & Tombs",NA,NA
"124","Thuan An to Vinh HienThuan An Beach","Around Hue","Beaches, Islands & Waterfronts",NA,NA
"125","Sao, Dam & Vong Beaches","Phu Quoc Island","Beaches, Islands & Waterfronts",16.7146178,NA
"126","Ngoc Son Temple","Hanoi","Religious",21.0306862,NA
"127","Tam Thanh and Nhi Thanh Caves","Lang Son","Other",NA,NA
"128","Phu Hai Prison","Con Dao Islands","Architecture",NA,NA
"129","Hang Duong Cemetery","Con Dao Islands","Cemeteries, Memorials & Tombs",NA,NA
"130","Lang Bian Mountain","Dalat","Parks & Gardens",NA,NA
"131","Mekong River Islands","Vinh Long","Beaches, Islands & Waterfronts",NA,NA
"132","Tam Dao National Park","Around Hanoi","Parks & Gardens",21.4841764,105.6110201
"133","Saigon South","Ho Chi Minh City","Neighbourhoods & Villages",10.8230989,106.6296638
"134","Nghia An Hoi Quan Pagoda","Ho Chi Minh City","Religious",NA,NA
"135","One Pillar Pagoda","Hanoi","Religious",NA,10.9503363
"136","Valley of Love","Dalat & Around","Parks & Gardens",NA,26.605964
"137","Bang Lang","Around Can Tho","Nature & Wildlife",NA,NA
"138","Cat Co Cove","Cat Ba Island","Beaches, Islands & Waterfronts",30.6154384,NA
"139","Ben Duoc","Cu Chi","Historic",11.142303,NA
"140","Nha Trang Cathedral","Nha Trang","Religious",12.2387911,NA
"141","Huynh Thuy Le Old House","Sa Dec","Architecture",NA,NA
"142","Long Khanh Pagoda","Quy Nhon","Religious",11.0821031,106.1542342
"143","Suoi Tranh & Suoi Da Ban","Phu Quoc Island","Lakes, Rivers & Waterfalls",10.1785347,104.0136623
"144","Worldwide Arms Museum","Vung Tau","Museums & Galleries",10.3399599,107.0745217
"145","St Joseph Cathedral","Hanoi","Religious",32.7211935,39.9634148
"146","Cai Be Floating Market","Vinh Long","Markets & Bazaars",NA,NA
"147","Tu Hieu Pagoda","Around Hue","Religious",16.4389613,107.5718969
"148","Mosques","Chau Doc","Religious",NA,2.8244601
"149","Ho Chi Minh Trail Museum","Around Hanoi","Museums & Galleries",NA,NA
"150","Phuoc Lam Pagoda","Hoi An","Religious",NA,107.0796646
"151","Tam Coc","Tam Coc","Other",20.2166971,105.9360177
"152","Dieu De National Pagoda","Hue","Religious",NA,NA
"153","Nurseries","Sa Dec","Other",46.3240088,NA
"154","Tam Son Hoi Quan Pagoda","Ho Chi Minh City","Religious",NA,NA
"155","Cao Dai Temple","Danang","Religious",9.9679141,NA
"156","Ngo Mon Gate","Hue","Landmarks & Monuments",NA,NA
"157","Binh Dinh Museum","Quy Nhon","Museums & Galleries",13.773373,109.2275802
"158","Ong Temple","Can Tho","Religious",10.4766436,105.5929376
"159","Nam Giao Esplanade","Around Hue","Architecture",NA,NA
"160","Van Thanh Mieu Temple","Vinh Long","Religious",NA,NA
"161","Vinh Trang Pagoda","My Tho","Religious",NA,105.6813333
"162","Hospital Cave","Cat Ba Island","Historic",NA,-29.8645849
"163","Guangzhou Assembly Hall","Can Tho","Landmarks & Monuments",NA,108.6250896
"164","Tomb of Thoai Ngoc Hau","Sam Mountain","Cemeteries, Memorials & Tombs",NA,10.779357
"165","Du Sinh Church","Dalat & Around","Religious",NA,NA
"166","Halls of the Mandarins","Hue","Architecture",52.5206853,NA
"167","Thach Dong Cave Pagoda","Ha Tien","Religious",NA,NA
"168","Temple","Hoi An","Other",31.0982344,NA
"169","Revolutionary Museum","Con Dao Islands","Museums & Galleries",41.9119897,NA
"170","Dao Tien Endangered Primate Species Centre","Cat Tien National Park","Parks & Gardens",NA,NA
"171","Ong Bon Pagoda","Ho Chi Minh City","Religious",9.2701797,105.8033088
"172","Crémaillère Railway Station","Dalat","Architecture",NA,NA
"173","Truc Lam Pagoda & Cable Car ","Dalat & Around","Religious",10.7643715,20.3785433
"174","Ho Chi Minh Museum","Hanoi","Museums & Galleries",21.0356034,10.7682712
"175","Marc Hoa Binh Pagoda","Around Bac Lieu","Other",NA,NA
"176","22 Ly Tu Trong","Ho Chi Minh City","Historic",NA,10.0343585
"177","Tay Phuong Pagoda","Thay & Tay Phuong Pagodas","Religious",NA,105.5850506
"178","Thap Doi Cham Towers","Quy Nhon","Religious",NA,NA
"179","Saigon Central Mosque","Ho Chi Minh City","Religious",10.7762378,106.7043912
"180","Duong Dong","Phu Quoc Island","Neighbourhoods & Villages",10.22644,103.965199
"181","Ong Pagoda","Tra Vinh","Religious",10.2363559,NA
"182","Sao Beach","Phu Quoc Island","Beaches, Islands & Waterfronts",32.772001,NA
"183","Giant Jesus","Vung Tau","Landmarks & Monuments",NA,NA
"184","President Ho Chi Minh Temple","Tra Vinh","Religious",22.9777449,NA
"185","Muong Cultural Museum","Hoa Binh","Museums & Galleries",NA,NA
"186","Quang Trung Museum","South-East Coast","Museums & Galleries",22.680014,113.2499364
"187","Marble Mountains","Around Danang","Other",41.5787,-123.092
"188","Ako Dhong Village","Buon Ma Thuot","Neighbourhoods & Villages",NA,NA
"189","Nui Coc Reservoir","Northeast Vietnam","Other",NA,NA
"190","Markets","Ha Tien","Markets & Bazaars",NA,40.030327
"191","Other Groups","My Son","Religious",NA,NA
"192","Imperial Citadel","Hanoi","Historic",NA,-82.8889491
"193","Bunker of General Giap","Pa Khoang Lake","Other",NA,NA
"194","Cannon Fort","Cat Ba Island","Landmarks & Monuments",38.7850035,18.9336371
"195","Cu Chi Wildlife Rescue Station","Cu Chi","Nature & Wildlife",NA,NA
"196","Thai Hoa Palace","Hue","Castles, Palaces & Mansions",37.8210601,NA
"197","Cua Can & Ong Lan Beaches","Phu Quoc Island","Beaches, Islands & Waterfronts",10.3043743,NA
"198","Cat Tien National Park","Cat Tien National Park","Parks & Gardens",11.419119,NA
"199","Buddha","Nha Trang","Landmarks & Monuments",38.792973,NA
"200","Floating Houses","Chau Doc","Architecture",23.038525,23.0886941
"201","Kh’leang Pagoda","Soc Trang","Religious",9.6102441,105.9776562
"202","Memorial House","Hanoi","Architecture",35.6485724,53.3039972
"203","Venerable Thich Quang Duc Memorial","Ho Chi Minh City","Landmarks & Monuments",NA,NA
"204","Old French Prison & Museum","Son La","Museums & Galleries",NA,NA
"205","My Khe","China Beach","Beaches, Islands & Waterfronts",NA,20.8170812
"206","Hang En","Phong Nha-Ke Bang National Park","Natural Landmarks",46.9592,22.3401445
"207","Can Gio Mangrove Forest","Around Ho Chi Minh City","Other",NA,NA
"208","Ong Ngu","Cham Islands","Religious",10.9224866,16.4253365
"209","Van Long Nature Reserve","Van Long Nature Reserve","Parks & Gardens",20.3625049,105.8825974
"210","Nine Holy Cannons","Hue","Other",42.4281,NA
"211","Duc Thanh","Hue","Other",37.450805,NA
"212","Forbidden Purple City","Hue","Historic",NA,NA
"213","Cham Cultural Centre","Phan Rang & Thap Cham","Museums & Galleries",NA,NA
"214","Duong Long Cham Towers","Cha Ban Cham Area","Architecture",NA,NA
"215","Dong Ho","Ha Tien","Other",21.0424598,31.221517
"216","Phu Quoc National Park","Phu Quoc Island","Parks & Gardens",NA,19.2666667
"217","Ngoc Tien Monastery","Ha Tien","Religious",NA,104.4985199
"218","Tam Bao Pagoda","Ha Tien","Religious",NA,10.3850638
"219","Military Museum","Ho Chi Minh City","Museums & Galleries",NA,116.323875
"220","Bai Dat Doc","Con Dao Islands","Beaches, Islands & Waterfronts",NA,106.6309724
"221","Ho Chi Minh’s Stilt House","Hanoi","Historic",NA,NA
"222","Con Son Pagoda Complex","Northeast Vietnam","Other",NA,NA
"223","Dak Lak Museum","Buon Ma Thuot","Museums & Galleries",NA,NA
"224","Museum of Ethnology","Northeast Vietnam","Other",18.786043,NA
"225","Military Museum","Can Tho","Museums & Galleries",39.907449,116.323875
"226","Flag Tower","Hue","Architecture",21.0325,39.1167534
"227","Huong Pagoda","Sa Dec","Religious",20.4655449,16.0017012
"228","San Chim Vam Ho Bird Sanctuary","Mekong Delta","Other",32.9087367,-97.584191
"229","Tran Duong House","Hoi An","Historic",10.3372512,105.4724032
"230","Dien Tho Residence","Hue","Architecture",NA,NA
"231","Lung Cu","Dong Van","Landmarks & Monuments",NA,23.3033201
"232","Bich Dong Pagoda","Tam Coc","Religious",NA,105.9162927
"233","Tam Bao Pagoda","Rach Gia","Architecture",NA,10.3850638
"234","Mua Cave","Ninh Binh Province","Natural Landmarks",NA,NA
"235","Elephant Falls","Dalat & Around","Lakes, Rivers & Waterfalls",NA,25.536127
"236","Thanh Toan Bridge","Around Hue","Architecture",NA,NA
"237","Temple of King Hung Vuong","Ho Chi Minh City","Religious",NA,NA
"238","Temples","Hoa Lu","Religious",17.4491064,53.3602882
"239","Blue Sky Crocodile Land","Long Xuyen","Farms, Workshops & Factories",NA,NA
"240","War Martyrs Monument","Cao Lanh","Landmarks & Monuments",42.5831766,21.576459
"241","Bach Ma National Park","Bach Ma National Park","Parks & Gardens",16.1820039,107.9057813
"242","Cu Chi War History Museum","Cu Chi","Museums & Galleries",NA,NA
"243","Pho Binh","Ho Chi Minh City","Historic",15.5532603,10.2524909
"244","French Field Guns","Vung Tau","Landmarks & Monuments",NA,NA
"245","Royal Fine Arts Museum","Hue","Museums & Galleries",51.2088192,50.8419778
"246","Uncle Ho Temple","Tra Vinh","Other",NA,105.43836
"247","Chinese All-Community Assembly Hall","Hoi An","Architecture",NA,NA
"248","Phu Binh Camp","Con Dao Islands","Architecture",NA,NA
"249","Queen’s Beach","Quy Nhon","Beaches, Islands & Waterfronts",NA,NA
"250","Po Nagar","Nha Trang","Religious",NA,NA
"251","Pongour Falls","Dalat & Around","Lakes, Rivers & Waterfalls",NA,NA
"252","Tiger Falls","Dalat & Around","Other",46.4038889,-87.5755556
"253","Immaculate Conception Cathedral","Kon Tum","Religious",35.125844,25.9024981
"254","Lang Dinh An","Dalat & Around","Other",20.7840103,16.5073215
"255","Cholon Jamail Mosque","Ho Chi Minh City","Religious",NA,NA
"256","To Mieu Temple","Hue","Religious",NA,NA
"257","Beach","Cham Islands","Beaches, Islands & Waterfronts",35.7057013,46.9234775
"258","Con Thien Firebase","Demilitarised Zone (Dmz)","Historic",NA,NA
"259","Duyen Hai","Can Gio","Neighbourhoods & Villages",9.6356978,106.50538
"260","Ton Duc Thang Museum","Ho Chi Minh City","Museums & Galleries",10.7773988,106.7063976
"261","Vietnamese Women’s Museum","Hanoi","Museums & Galleries",NA,NA
"262","Presidential Palace","Hanoi","Architecture",NA,NA
"263","Museum of Trading Ceramics","Hoi An","Museums & Galleries",NA,NA
"264","Khmer Museum","Soc Trang","Museums & Galleries",NA,NA
"265","Assembly Hall of the Chaozhou Chinese Congregation","Hoi An","Architecture",NA,NA
"266","Con Dao Museum","Con Dao Islands","Other",NA,NA
"267","Phat Lon Pagoda","Rach Gia","Religious",NA,NA
"268","Ben Hai River","Demilitarised Zone (Dmz)","Lakes, Rivers & Waterfalls",17.0069431,107.0535743
"269","Chuc Thanh Pagoda","Hoi An","Religious",NA,NA
"270","Group C","My Son","Religious",38.7349514,39.6185587
"271","Museum of Traditional Vietnamese Medicine","Ho Chi Minh City","Museums & Galleries",10.7761634,106.6719134
"272","Cuc Phuong National Park","Cuc Phuong National Park","Parks & Gardens",20.3166667,105.6083333
"273","Mubarak Mosque","Chau Doc","Religious",NA,NA
"274","Nam Thien Nhat Tru","Around Ho Chi Minh City","Other",NA,NA
"275","Gia Long Falls","South-West Highlands","Other",NA,NA
"276","Cua Lo Beach","Vinh","Other",NA,NA
"277","Vung Bau, Dai & Thom Beaches","Phu Quoc Island","Beaches, Islands & Waterfronts",NA,NA
"278","Bay Canh","Con Dao Islands","Beaches, Islands & Waterfronts",8.6689731,106.6733441
"279","Lighthouse","Vung Tau","Landmarks & Monuments",29.8781348,29.3679264
"280","Cau Castle","Phu Quoc Island","Religious",NA,NA
"281","Cemeteries","Dien Bien Phu","Military",29.982343,29.982833
"282","Botanic Gardens","Ho Chi Minh City","Parks & Gardens",40.670343,1.322519
"283","Co Ha Gardens","Hue","Parks & Gardens",37.1414756,33.2204322
"284","Quan Thang House","Hoi An","Architecture",NA,NA
"285","Bai Dram Trau","Con Dao Islands","Beaches, Islands & Waterfronts",8.7335652,106.6224217
"286","Bao Quoc Pagoda","Hue","Religious",16.4542212,107.579788
"287","Sapa Museum","Sapa","Museums & Galleries",NA,NA
"288","Long Xuyen Catholic Church","Long Xuyen","Religious",NA,NA
"289","Ethnographic Museum","South-West Highlands","Museums & Galleries",NA,NA
"290","Cuong Hoan Traditional Silk Centre","Dalat & Around","Museums & Galleries",NA,NA
"291","National Oceanographic Museum","Nha Trang","Museums & Galleries",NA,12.2189817
"292","Victory Monument","Buon Ma Thuot","Landmarks & Monuments",13.764934,46.5005477
"293","Assembly Hall","Hoi An","Other",39.1808699,-86.5222284
"294","Soc Trang Museum","Soc Trang","Museums & Galleries",NA,NA
"295","Truong San Residence","Hue","Castles, Palaces & Mansions",24.4560192,25.962206
"296","Xuan Huong Lake","Dalat","Lakes, Rivers & Waterfalls",11.9411106,108.4461507
"297","Seminary & Hill-Tribe Museum","Kon Tum","Museums & Galleries",31.5623892,-89.4975669
"298","Handicraft Workshop","Hoi An","Farms, Workshops & Factories",NA,NA
"299","Lam Dong Museum","Dalat","Museums & Galleries",11.9409803,108.4596121
"300","People’s Committee Building","Ho Chi Minh City","Architecture",24.509174,NA
"301","Can Tho Museum","Can Tho","Museums & Galleries",10.0351667,NA
"302","Vien Minh Pagoda","Ben Tre","Architecture",NA,NA
"303","Po Shanu Cham Towers","Mui Ne","Religious",NA,NA
"304","Quan Thanh Temple","Hanoi","Religious",NA,NA
"305","Camp Carroll","Demilitarised Zone (Dmz)","Historic",NA,31.9642887
"306","Ba Le Well","Hoi An","Landmarks & Monuments",15.8786975,108.3301279
"307","Buu Long Mountain","Around Ho Chi Minh City","Other",NA,NA
"308","Chau Phu Temple","Chau Doc","Religious",27.2621089,115.7779579
"309","Hang Pagoda","Tra Vinh","Religious",30.2611828,22.4420501
"310","Dong Thap Museum","Cao Lanh","Museums & Galleries",NA,NA
"311","White Villa","Vung Tau","Museums & Galleries",38.8792317,-34.6440659
"312","30 Thang 4 Park","Chau Doc","Parks & Gardens",9.6025706,105.9743026
"313","Bau Truc Village","Phan Rang & Thap Cham","Neighbourhoods & Villages",NA,NA
"314","Ambassadors’ Pagoda","Hanoi","Religious",NA,NA
"315","An Quang Pagoda","Ho Chi Minh City","Other",33.7511039,NA
"316","My Son","My Son","Religious",NA,NA
"317","Du Hang Pagoda","Haiphong","Religious",NA,NA
"318","Saigon Race Track","Ho Chi Minh City","Sporting Venues",NA,NA
"319","Lenin Park","Hanoi","Other",NA,38.5777821
"320","Royal Theatre","Hue","Architecture",NA,53.961677
"321","Ba Be National Park","Ba Be National Park","Parks & Gardens",22.4112376,105.6060661
"322","Thuy Son","Marble Mountains","Natural Landmarks",21.0070371,16.004277
"323","Khanh Hoa Museum","Nha Trang","Museums & Galleries",12.2499,109.196
"324","Tomb of Dong Khanh","Around Hue","Cemeteries, Memorials & Tombs",NA,NA
"325","Banh It Cham Towers","Cha Ban Cham Area","Architecture",NA,NA
"326","Dam Doi Bird Sanctuary","Mekong Delta","Other",17.9043215,98.6160674
"327","Tombs of Spanish and French Soldiers","Around Danang","Other",NA,NA
"328","Ngu Phung","Hue","Landmarks & Monuments",10.5313904,108.9353663
"329","Emperor's Reading Room","Hue","Architecture",NA,NA
"330","Truc Bach Lake","Hanoi","Lakes, Rivers & Waterfalls",21.0455322,NA
"331","Linh Phuoc Pagoda","Dalat & Around","Other",NA,NA
"332","Cua Can Beach","Phu Quoc Island","Beaches, Islands & Waterfronts",NA,NA
"333","Ham Ho","Ham Ho Nature Reserve","Parks & Gardens",NA,-90.6506073
"334","Opera House","Ho Chi Minh City","Theatres, Concert Halls & Cinemas",NA,21.1957319
"335","San Art","Ho Chi Minh City","Museums & Galleries",NA,37.3336817
"336","Truc Lam Pagoda","Dalat & Around","Other",10.7643715,20.3785433
"337","Craft Markets","Son La","Markets & Bazaars",40.6894828,-73.9733481
"338","Dray Sap & Dray Nur Falls","Dray Sap & Dray Nur Falls","Lakes, Rivers & Waterfalls",12.5843164,107.9746652
"339","Son My Memorial","Son My (My Lai)","Military",15.18,108.886389
"340","Assembly Hall of the Hainan Chinese Congregation","Hoi An","Architecture",NA,NA
"341","Ho Chi Minh Museum","Pleiku","Museums & Galleries",21.0356034,10.7682712
"342","Long Thanh Gallery","Nha Trang","Museums & Galleries",40.7711119,-73.9856544
"343","Ho Chi Minh Museum","Danang","Museums & Galleries",21.0356034,NA
"344","Tran Quoc Pagoda","Hanoi","Religious",NA,NA
"345","Nha Tu Phu Quoc","Phu Quoc Island","Landmarks & Monuments",10.0434889,NA
"346","Old Town","Hoi An","Neighbourhoods & Villages",NA,55.6520814
"347","Vam Sat","Can Gio","Parks & Gardens",NA,106.7670518
"348","Datanla Falls","Dalat & Around","Lakes, Rivers & Waterfalls",NA,NA
"349","Danang Cathedral","Danang","Religious",NA,108.2198893
"350","Tay Ho Pagoda","Hanoi","Religious",30.2611828,120.1480934
"351","Chien Dan","Chien Dan","Architecture",15.615432,24.987868
"352","Endangered Primate Rescue Center","Cuc Phuong National Park","Natural Parks & Forests",NA,NA
"353","Cho Quan Church","Ho Chi Minh City","Religious",10.7572477,106.6815431
"354","Bamboo Lagoon","Con Dao Islands","Other",28.2424761,-82.7037729
"355","Bai Tu Long National Park","Halong Bay","Other",36.4566598,114.0904246
"356","Yok Don National Park","Yok Don National Park","Parks & Gardens",12.7021524,NA
"357","Hung Vuong Roundabout","Soc Trang","Landmarks & Monuments",20.8559056,NA
"358","Coconut Tree Prison","Phu Quoc Island","Cemeteries, Memorials & Tombs",NA,NA
"359","Crocodile Swamp","Cat Tien National Park","Lakes, Rivers & Waterfalls",NA,NA
"360","Diep Dong Nguyen House","Hoi An","Architecture",NA,NA
"361","National School","Hue","Architecture",NA,25.0105741
"362","Tomb of Gia Long","Around Hue","Cemeteries, Memorials & Tombs",NA,NA
"363","Ban Gioc Waterfall","Ban Gioc Waterfall & Nguom Ngao Cave","Lakes, Rivers & Waterfalls",NA,106.7231011
"364","Co Loa Citadel","Co Loa Citadel","Historic",NA,105.8701316
"365","Assembly Hall of the Cantonese Chinese Congregation","Hoi An","Architecture",NA,NA
"366","Ong Dung Bay","Con Dao Islands","Beaches, Islands & Waterfronts",NA,NA
"367","Museum of Sa Huynh Culture & Museum of the Revolution","Hoi An","Museums & Galleries",15.8247118,15.7629992
"368","Dalat Cathedral","Dalat","Architecture",11.9404192,108.4583132
"369","Museum of Folklore in Hoi An","Hoi An","Museums & Galleries",15.8800584,108.3380469
"370","Ma Thien Lanh Bridge","Con Dao Islands","Architecture",21.0603835,11.3941395
"371","Van Lan","Tam Coc","Neighbourhoods & Villages",20.7281601,NA
"372","Bai Bau","Bai Bau Beach","Beaches, Islands & Waterfronts",13.6651097,NA
"373","Munirensay Pagoda","Can Tho","Religious",NA,NA
"374","My An & Non Nuoc","China Beach","Beaches, Islands & Waterfronts",34.274247,NA
"375","Mr De’s Foundry","Hue","Other",NA,NA
"376","The Rockpile","Demilitarised Zone (Dmz)","Historic",NA,-105.5252806
"377","Waterfalls","Dalat & Around","Lakes, Rivers & Waterfalls",NA,-20.253897
"378","Linh Son Pagoda","Dalat","Architecture",NA,10.8719871
"379","Bai Loi Voi","Con Dao Islands","Beaches, Islands & Waterfronts",NA,NA
"380","Coc Ly Market","Bac Ha","Markets & Bazaars",NA,NA
"381","Turtle Conservation Center","Cuc Phuong National Park","Natural Parks & Forests",11.5478159,-8.7243383
"382","General Museum Complex","Hue","Museums & Galleries",12.9674998,77.602778
"383","Dalat Flower Gardens","Dalat","Parks & Gardens",37.7423254,-122.4051808
"384","Xo Viet Nghe Tinh Museum","Vinh","Museums & Galleries",10.8024976,18.4530817
"385","Muong Thanh Bridge","Dien Bien Phu","Architecture",21.3869,NA
"386","Ca Mau Market","Ca Mau","Markets & Bazaars",36.778261,NA
"387","Lung Phin Market","Bac Ha","Markets & Bazaars",NA,NA
"388","My Son Museum","My Son","Museums & Galleries",20.0157193,110.3786602
"389","Phung Hung Old House","Hoi An","Architecture",NA,NA
"390","Citadel","Vinh","Other",NA,39.01585
"391","Cathedral","North-Central Vietnam","Other",NA,42.3593989
"392","Coi Nguon Museum","Phu Quoc Island","Museums & Galleries",NA,NA
"393","Tomb of Thieu Tri","Around Hue","Cemeteries, Memorials & Tombs",NA,NA
"394","Ho Chi Minh Museum","Hue","Museums & Galleries",NA,10.7682712
"395","Leper Hospital Grounds","Quy Nhon","Other",12.9745554,12.9378453
"396","Cho Moi","Long Xuyen","Neighbourhoods & Villages",21.8809712,105.7791327
"397","Dambri Falls","Bao Loc","Lakes, Rivers & Waterfalls",NA,NA
"398","Mai Loc Gallery","Nha Trang","Museums & Galleries",NA,NA
"399","Galerie Quynh","Ho Chi Minh City","Museums & Galleries",NA,NA
"400","Khem Beach","Phu Quoc Island","Beaches, Islands & Waterfronts",10.0333333,10.0303272
"401","Hoi An Museum of History & Culture","Hoi An","Museums & Galleries",15.8800584,108.3380469
"402","Phac Hat Pagoda","Hoi An","Religious",NA,NA
"403","Dam Wall","Hoa Binh","Landmarks & Monuments",-25.6937258,-18.1833561
"404","Ben Tre Museum","Ben Tre","Museums & Galleries",NA,NA
"405","Do Dien Khanh Gallery","Nha Trang","Museums & Galleries",NA,NA
"406","Tran Hung Dao Temple","Ho Chi Minh City","Religious",NA,106.6947368
"407","Bo Bla Waterfall","South-West Highlands","Other",NA,NA
"408","Dakrong Bridge","Demilitarised Zone (Dmz)","Architecture",NA,NA
"409","Den Kiep Bac","Northeast Vietnam","Other",NA,106.3274323
"410","Lookout Tower","Son La","Landmarks & Monuments",40.23036,NA
"411","Chua Dat Set","Soc Trang","Other",10.9410291,NA
"412","Statue of Me Suot","Dong Hoi","Other",NA,NA
"413","Kien Giang Museum","Rach Gia","Museums & Galleries",10.0351667,NA
"414","Khmer Minority People’s Museum","Tra Vinh","Museums & Galleries",NA,NA
"415","My Tho Market","My Tho","Markets & Bazaars",10.3765284,106.3438891
"416","Night Market","Lang Son","Markets & Bazaars",-39.6420409,16.8098753
"417","Ong Met Pagoda","Tra Vinh","Architecture",NA,NA
"418","Ong Lan Beach","Phu Quoc Island","Beaches, Islands & Waterfronts",NA,NA
"419","Tang Tau Lake","Hue","Lakes, Rivers & Waterfalls",39.947713,39.925598
"420","Stone monument","Vinh","Other",NA,35.9572249
"421","Thu Thien","South-East Coast","Other",NA,13.8857453
"422","Cable-Car Station","Dalat & Around","Other",NA,36.1328525
"423","Research Library","Ho Chi Minh City","Other",NA,37.3825996
"424","Tre Lon","Con Dao Islands","Beaches, Islands & Waterfronts",8.7081257,10.25
"425","Phap Lam Pagoda","Danang","Religious",NA,NA
"426","Tu Ton Rose Garden","Sa Dec","Other",NA,NA
"427","Cao Dai Temple","Sa Dec","Religious",9.9679141,NA
"428","Ankroët Falls","Dalat & Around","Lakes, Rivers & Waterfalls",NA,NA
"429","Museum","Hoa Binh","Museums & Galleries",55.3998313,35.1722517
"430","Tam An Pagoda","Quy Nhon","Religious",NA,NA
"431","Cam Pho Temple","Hoi An","Architecture",15.8782019,108.3239046
"432","Vong Beach","Phu Quoc Island","Beaches, Islands & Waterfronts",33.7700504,40.5884373
"433","Canh Tien","South-East Coast","Other",15.6259358,13.9245806
"434","Gia Lai Museum","Pleiku","Other",NA,108.0059644
"435","Bai An Hai","Con Dao Islands","Beaches, Islands & Waterfronts",NA,31.3189145
"436","Thai Giang Pho Waterfall","Bac Ha","Lakes, Rivers & Waterfalls",NA,NA
"437","Gougah Falls","Dalat & Around","Lakes, Rivers & Waterfalls",NA,NA
"438","Dong Xuan Market","Hanoi","Other",NA,NA
"439","Cao Dai Temple","Ca Mau","Religious",9.9679141,NA
"440","Bao Tang Quang Tri","Dong Ha","Museums & Galleries",17.0844352,NA
"441","Sapa Radio Tower","Sapa","Architecture",NA,NA
"442","Hoa Binh Museum","Hoa Binh","Other",39.1276663,39.1275713
"443","Buu Quang Pagoda","Sa Dec","Religious",10.7440934,106.6492656
"444","Quang Cong Pagoda","Phan Rang & Thap Cham","Architecture",NA,NA
"445","Ho Chi Minh Museum","Hang Pac Bo (Water-Wheel Cave)","Other",21.0356034,10.7682712
"446","Navy Museum","Haiphong","Museums & Galleries",-36.8289084,13.6096956
"447","Cao Dai Temple","Rach Gia","Religious",9.9679141,11.8337331
"448","Couvent des Oiseaux","Dalat","Other",50.5425631,3.4185946
"449","Phu Loc","Central Vietnam","Other",NA,107.8643107
"450","Binh Lam","South-East Coast","Other",NA,24.9350844
"451","Cao Dai Temple","My Tho","Religious",NA,11.8337331
"452","Quang Duc Gate","Hue","Landmarks & Monuments",16.4656936,NA
"453","Nine Holy Cannons","Hue","Other",42.4281,NA
"454","Nhi Thanh Cave","Lang Son","Natural Landmarks",NA,NA
"455","Can Chanh Palace","Hue","Historic",NA,NA
"456","Con Son Pagoda","Con Son & Den Kiep Bac","Religious",25.0289885,25.0289475
"457","Duong Dong Market","Phu Quoc Island","Markets & Bazaars",21.871809,112.002914
"458","Vuong Palace","From Tam Son to Dong Van","Architecture",22.342159,22.3420275
"459","Thai Binh Market","Ho Chi Minh City","Markets & Bazaars",36.2868349,36.286489
"460","Vinh’s Citadel Left Gate","Vinh","Landmarks & Monuments",NA,NA
"461","U-Minh Forest","U-Minh Forest","Natural Parks & Forests",9.6166667,105.1833333
"462","Uncle Ho Museum","Hang Pac Bo (Water-Wheel Cave)","Museums & Galleries",NA,NA
"463","Tien Son Cave","Phong Nha-Ke Bang National Park","Other",NA,117.981532
"464","Tam Thanh Cave","Lang Son","Natural Landmarks",NA,NA
"465","Ke Ga Lighthouse","South-East Coast","Landmarks & Monuments",NA,NA
"466","Nine Holy Cannons","Hue","Other",NA,NA
"467","Ngan Gate","Hue","Landmarks & Monuments",22.3143652,NA
"468","One Pillar Pagoda of Thu Duc","One Pillar Pagoda","Religious",NA,NA
"469","Vinh’s Citadel Front Gate","Vinh","Landmarks & Monuments",NA,NA
"470","Dien Bien Phu Cemetery","Dien Bien Phu","Military",NA,NA
"471","Suoi Tranh","Phu Quoc Island","Lakes, Rivers & Waterfalls",10.1785347,104.0136623
"472","Thung Nham","Ninh Binh Province","Lakes, Rivers & Waterfalls",20.218318,105.8924586
"473","Ba Na","Ba Na Hill Station","Parks & Gardens",32.754307,30.118839
"474","Crescent","Ho Chi Minh City","Beaches, Islands & Waterfronts",42.591184,53.4837852
"475","Tourist Train","Cat Ba Island","Other",32.6480732,24.5553027
"476","Cat Cat","Sapa","Neighbourhoods & Villages",22.3291628,39.6129898
"477","Chua Bai Dinh","Ninh Binh Province","Religious",NA,105.8649934
"478","Fairy Spring","Around Nha Trang","Other",NA,42.8538904
"479","Dai Beach","Phu Quoc Island","Beaches, Islands & Waterfronts",NA,12.8207158
"480","Chapel","Nui Son Tra (Monkey Mountain)","Religious",46.0534046,NA
"481","Hon Mieu Aquarium","Nha Trang","Nature & Wildlife",NA,NA
"482","Kiep Bac Temple","Con Son & Den Kiep Bac","Religious",NA,NA
"483","Linh Ung","Nui Son Tra (Monkey Mountain)","Landmarks & Monuments",20.9897927,10.8862381
"484","Mui Nai","Mui Nai","Beaches, Islands & Waterfronts",10.36569,12.9
"485","War Memorial","Cao Bang","Landmarks & Monuments",39.282563,38.8726674
"486","Vung Bau Beach","Phu Quoc Island","Beaches, Islands & Waterfronts",NA,NA
"487","Duyen Hai War Memorial","Can Gio","Military",NA,NA
"488","Pilgrimage Spots","Kim Lien","Historic",NA,NA
"489","Sanctuary","Phoenix Island","Historic",32.9087367,-97.584191
"490","Thom Beach","Phu Quoc Island","Beaches, Islands & Waterfronts",NA,103.7364288
"491","Night Market","Ha Tien","Markets & Bazaars",NA,16.8098753
"492","Night Market","Con Dao Islands","Markets & Bazaars",NA,16.8098753
"493","French War Memorial","Dien Bien Phu","Military",NA,NA
"494","Fish Market","Dong Hoi","Markets & Bazaars",22.6932916,NA
"495","Tam Toa Church","Dong Hoi","Religious",NA,NA
"496","Thai To Mieu Temple Complex","Hue","Other",NA,NA
"497","University of Arts","Hue","Architecture",41.317805,39.945969
"498","Vinh’s Citadel Right Gate","Vinh","Landmarks & Monuments",NA,NA
"499","Ta Phin Village","Sapa","Neighbourhoods & Villages",17.4491298,17.4536715
"500","Trang An","Ninh Binh Province","Natural Landmarks",20.2827224,20.2594745
"501","Phong Nha-Ke Bang National Park","Phong Nha-Ke Bang National Park","Parks & Gardens",17.5431265,106.1448275
"502","Dolphin","Vung Tau","Other",42.6737639,42.3417962
"503","Ho Chi Minh Statue","Pleiku","Landmarks & Monuments",20.8093339,105.3321695
